Scenario,CV_Async,CV_Sync,CV_Ratio,Buffering_Pct
Status Quo,0.14609885651979965,0.1482205780939747,0.9856853778236525,1.4314622176347491
Cool (MOCI -1),0.18586773262542242,0.18623845081222465,0.9980094433497194,0.19905566502805838
Warm (MOCI +1),0.16061656090673665,0.16454260532763515,0.976139648372037,2.386035162796296
Warm + High Coyote,0.15879611130345142,0.16269647019181835,0.9760267762185103,2.3973223781489694
