Scenario,CV_Async,CV_Sync,CV_Ratio,Buffering_Pct
Status Quo,0.136852199355094,0.13962330516192745,0.980152985179518,1.9847014820482012
Cool (MOCI -1),0.15194527207532182,0.15329684239583366,0.9911833127193717,0.8816687280628344
Warm (MOCI +1),0.14062958246445115,0.14698675395424662,0.9567500382260683,4.32499617739317
Warm + High Coyote,0.13829600059280045,0.14118654493582028,0.979526771872392,2.047322812760799
