Scenario,CV_Async,CV_Sync,CV_Ratio,Buffering_Pct
Status Quo,0.14947029050794386,0.1536750796447968,0.9726384450454046,2.7361554954595357
Cool (MOCI -1),0.18407330730519336,0.18906437041379276,0.9736012496819163,2.6398750318083697
Warm (MOCI +1),0.16063855824994758,0.16306397516922472,0.9851259794399094,1.4874020560090573
Warm + High Coyote,0.16043289737874883,0.16077728561103644,0.9978579795586251,0.21420204413749033
